branch,d_over_lambda,n_points,log10_rmse,median_abs_log10_residual,max_abs_log10_residual
triangle_d_over_lambda_006,0.06,9,0.026774237676735417,0.006492599556475909,0.060043936389540975
diamond_d_over_lambda_013,0.13,11,0.05502370734260642,0.029535916905620158,0.11922201829700274
circle_d_over_lambda_016,0.16,8,0.04878521752552398,0.017570520039151136,0.08673038096847835
