branch,baseline_method,edge_fraction,n_points,p_min,p_max,density_baseline,raw_density_area,baseline_subtracted_area,raw_mean_abs_momentum_hbar_over_d,mean_abs_momentum_hbar_over_d,peak_p_hbar_over_d,peak_density_minus_baseline
phi_0_far,edge_median,0.1,127,-2.90279823269514,2.938144329896907,0.2157142857142844,2.2844261519040616,1.0343751314959038,0.8266593639730629,0.06391568976777154,-0.0220913107511044,5.3414285714285725
phi_pi_far,edge_median,0.1,160,-2.9823269513991164,2.9779086892488955,0.2571428571428571,2.312299074268883,0.8320155691142437,1.4570706221125524,1.4109327132092726,1.736377025036819,0.9771428571428569
