sample_id,sample_type,baseline_method,distribution_no_refit_rmse,distribution_panel_a_scaled_rmse,published_bound_rmse,linear_fig4_refit_rmse,no_refit_beats_published_bound,no_refit_beats_panel_a_scaled,no_refit_rmse_lt_025,no_refit_bound_ratio,no_refit_refit_ratio,phi0_mean_abs,phipi_mean_abs,phipi_gt_phi0,half_from_branch_moments,panel_a_late_mean
edge_median,baseline_sensitivity,edge_median,0.015465587259251196,0.02563742225847912,0.06930657306922454,0.0033791199380243174,True,True,True,0.22314748189618197,4.576809211540896,0.06391568976777154,1.4109327132092726,True,0.7374242014885221,0.6807344064386318
min,baseline_sensitivity,min,0.09284213685969142,0.05195311869364326,0.06930657306922454,0.0033791199380243174,False,False,False,1.3395863155282426,27.475241649449643,0.16345237773058996,1.416285291085663,True,0.7898688344081264,0.6807344064386318
quantile_05,baseline_sensitivity,quantile_05,0.06128361308450111,0.036350531183761456,0.06930657306922454,0.0033791199380243174,True,False,False,0.8842395514677956,18.135968597886475,0.12240192413448285,1.416285291085663,True,0.7693436076100729,0.6807344064386318
none,baseline_sensitivity,none,0.6117952415821293,0.25546812926449664,0.06930657306922454,0.0033791199380243174,False,False,False,8.827376892103123,181.05165037137743,0.8266593639730629,1.4570706221125524,True,1.1418649930428078,0.6807344064386318
