baseline_method,n_samples,no_refit_rmse_median,no_refit_rmse_mean,p_no_refit_beats_published_bound,p_no_refit_rmse_lt_025,phi0_mean_median,phipi_mean_median
edge_median,334,0.0734660008106685,0.07424663541922756,0.4041916167664671,0.0,0.13768688291706238,1.4163929537202085
min,333,0.3031310161822417,0.30233208123489597,0.0,0.0,0.4320077622629171,1.4336369509273936
quantile_05,333,0.20758177530827843,0.20819283100148805,0.0,0.0,0.30926518905628997,1.423722146027492
