null_type,n_samples,observed_no_refit_rmse,null_rmse_mean,null_rmse_p05,p_rmse_le_observed
fig4_momentum_pairing_shuffle,1000,0.015465587259251196,0.28754798655710406,0.15466331997428232,0.003
fig3_branch_label_swap,496,0.015465587259251196,0.8140404861525572,0.8140404861525575,0.0
