condition_id,path_separation,detector_spatial_resolution,coherence_time,detector_response_time,record_entropy_bits,record_survival_probability,environment_coupling,record_accessibility,Lambda,Gamma,Theta,marker_angle,marker_visibility,t_meas,visibility_obs,visibility_se
0,1.0,0.35,1.0,0.25,0.0,0.72,0.82,0.0,0.9831201158512101,0.9999998874648253,0.0,1.2,0.3623577544766736,0.5301145224422263,0.3623577544766736,0.0
1,1.0,0.35,1.0,0.25,3.2,0.72,0.82,0.0,0.9831201158512101,0.9999998874648253,0.7300582557466303,1.2,0.3623577544766736,0.5301145224422263,0.12971392604686618,0.0
2,1.0,0.35,1.0,2.3,0.0,0.72,0.82,0.0,0.9831201158512101,0.17224322423377625,0.0,1.2,0.3623577544766736,0.5301145224422263,0.3623577544766736,0.0
3,1.0,0.35,1.0,2.3,3.2,0.72,0.82,0.0,0.9831201158512101,0.17224322423377625,0.7300582557466303,1.2,0.3623577544766736,0.5301145224422263,0.30359252342643167,0.0
4,1.0,2.2,1.0,0.25,0.0,0.72,0.82,0.0,0.09814884135471735,0.9999998874648253,0.0,1.2,0.3623577544766736,0.5301145224422263,0.3623577544766736,0.0
5,1.0,2.2,1.0,0.25,3.2,0.72,0.82,0.0,0.09814884135471735,0.9999998874648253,0.7300582557466303,1.2,0.3623577544766736,0.5301145224422263,0.32703671565026965,0.0
6,1.0,2.2,1.0,2.3,0.0,0.72,0.82,0.0,0.09814884135471735,0.17224322423377625,0.0,1.2,0.3623577544766736,0.5301145224422263,0.3623577544766736,0.0
7,1.0,2.2,1.0,2.3,3.2,0.72,0.82,0.0,0.09814884135471735,0.17224322423377625,0.7300582557466303,1.2,0.3623577544766736,0.5301145224422263,0.3560128430264437,0.0
