sample_id,sample_type,baseline_method,distribution_no_refit_rmse,distribution_panel_a_scaled_rmse,published_bound_rmse,linear_fig4_refit_rmse,no_refit_beats_published_bound,no_refit_beats_panel_a_scaled,no_refit_rmse_lt_025,no_refit_bound_ratio,no_refit_refit_ratio,phi0_mean_abs,phipi_mean_abs,phipi_gt_phi0,half_from_branch_moments,panel_a_late_mean
edge_median,baseline_sensitivity,edge_median,0.01334336655995004,0.02633081169585925,0.06930657306922454,0.0033791199380243174,True,True,True,0.19252671094590793,3.948769740251231,0.06099162170662834,1.4112439096494078,True,0.7361177656780181,0.6799324814572532
min,baseline_sensitivity,min,0.01442534802512458,0.02635497908925205,0.06930657306922454,0.0033791199380243174,True,True,True,0.20813823835606915,4.268965970340402,0.06099162170662834,1.41671892025702,True,0.7388552709818242,0.6799324814572532
quantile_05,baseline_sensitivity,quantile_05,0.014360632910652338,0.026353579990733424,0.06930657306922454,0.0033791199380243174,True,True,True,0.20720448688623955,4.249814500236006,0.06099162170662834,1.4164042879097014,True,0.7386979548081649,0.6799324814572532
none,baseline_sensitivity,none,0.6132182111723443,0.2552309281365539,0.06930657306922454,0.0033791199380243174,False,False,False,8.847908416418916,181.47275693649303,0.8283032870310129,1.4578122701222518,True,1.1430577785766323,0.6799324814572532
