design,n,max_abs_factor_correlation,mean_abs_factor_correlation,full_second_order_condition_number,max_vif,Lambda_range,Gamma_range,Theta_range
balanced_factorial,216,6.644793704683637e-16,3.1156495288711547e-16,19.05988363501502,1.0000000000000002,0.8849712744964927,0.827756663231049,0.7300582557466303
confounded_latent_load,216,0.9669758810521385,0.923296578223879,25511.296227197217,41.598231402966306,0.884837199128737,0.8275179858364827,0.7289394543779875
