design,factor,Lambda,Gamma,Theta
balanced_factorial,Lambda,1.0,6.644793704683637e-16,-1.8669409663132036e-16
balanced_factorial,Gamma,6.644793704683637e-16,1.0,-8.352139156166229e-17
balanced_factorial,Theta,-1.8669409663132036e-16,-8.352139156166229e-17,1.0
confounded_latent_load,Lambda,1.0,0.9669758810521385,0.8649877088411912
confounded_latent_load,Gamma,0.9669758810521385,1.0,0.9379261447783072
confounded_latent_load,Theta,0.8649877088411912,0.9379261447783072,1.0
