eta,kappa_eff,exposure,Lambda,Gamma,Theta,marker_visibility,visibility_unconditioned,visibility_eraser_plus,visibility_eraser_minus,prob_eraser_plus,prob_eraser_minus
0.720096308507978,0.30971639164676995,0.5301145224422263,0.6188286139470075,0.9258345459315777,0.40043004310444363,0.3623577544766736,0.26093248135789293,0.6967693618986975,0.6194247193565446,0.6688657951377875,0.3311342048622121
