model,n_params,rmse_target,rmse_visibility,mae_visibility,aicc,bic,parameter_labels_json,parameters_json,delta_aicc,akaike_weight
aware_record_product,1,0.002424890768624627,0.0015281563829102963,0.001081947270244409,-756.7024949631477,-754.624934007248,"[""LGT_access""]",[1.1476974946119929],0.0,1.0
naive_plus_accessibility,2,0.041083473189478525,0.031660364665387235,0.021988380735667803,-398.0108181663853,-393.92454871360223,"[""LGT_naive"", ""LGT_naive_x_accessibility""]","[1.243496395343211, -1.1256027059951481]",358.6916767967624,1.2914929246665572e-78
naive_plus_inaccessibility,2,0.04108347318947853,0.03166036466538726,0.021988380735667785,-398.0108181663853,-393.92454871360223,"[""LGT_naive"", ""LGT_naive_x_inaccessible""]","[0.11789368934806327, 1.125602705995148]",358.6916767967624,1.2914929246665572e-78
naive_record_product,1,0.2110900793736777,0.15361814328851128,0.1105327681155405,-193.9236865679103,-191.84612561201055,"[""LGT_naive""]",[0.6806950423456372],562.7788083952374,6.224930269796415e-123
constant,1,0.284226128158245,0.21108952676402812,0.18895040435682112,-156.4405528276526,-154.36299187175285,"[""background""]",[0.32385127186989443],600.2619421354951,4.516223403849118e-131
